<html>
<head>
<meta http-equiv="Content-Style-Type" context="text/css">
<title>mysql:12618</title>
<link rel=stylesheet type="text/css" href="../../../css/w3ml.css">
</head>
<body>
<p class="button"><a href="12617">[前]</a><a href="12619">[次]</a><a href="../list/12601-12700">[番号順一覧]</a><a href="../thread/12601-12700">[スレッド一覧]</a></p>
<p class="id">
mysql:12618
</p>
<div class="header">
<p>
From: Hirofumi Fujiwara &lt;Hirofumi Fujiwara &lt;fuji@xxxxxxxxxx&gt;&gt;<br>
Date: Wed, 04 Jan 2006 18:50:29 +0900 (JST)<br>
Subject: [mysql 12618] Re: FUNCTIONの返す文字列型<br>

</p>
</div>
<div class="body">
<pre>
藤原です

  自己フォロー。

5.0.18 をダウンロードしてテストしてみました。
マニュアルには、PROCEDURE/FUNCTION のとき、 CHARACTER SET/COLLATION
に対応してくれる様に書かれていたのですが、以下のようになってしまいまし
た。

SHOW CREATE FUNCTION でどのようにCREATEされたかを調べようとしたら、
CHARACTER SETの部分は消えていました。
やっぱりまだ駄目なんでしょうか？

- - - - - - - - - - - - - - - - - - - - - - - - - - - - - - - - - - -

mysql&gt; SELECT VERSION();
+---------------------+
<span class="quote1">| VERSION()           |</span>
+---------------------+
<span class="quote1">| 5.0.18-standard-log |</span>
+---------------------+
1 row in set (0.01 sec)
 
mysql&gt; SET NAMES utf8;
Query OK, 0 rows affected (0.00 sec)
 
mysql&gt; DELIMITER //
mysql&gt; CREATE FUNCTION tokyo() RETURNS VARCHAR(20) CHARACTER SET utf8
    -&gt; DETERMINISTIC RETURN _utf8 X'E69DB1E4BAAC';
    -&gt; //
Query OK, 0 rows affected (0.00 sec)
 
mysql&gt; DELIMITER ;
mysql&gt; SELECT tokyo();
+---------+
<span class="quote1">| tokyo() |</span>
+---------+
<span class="quote1">| ??      |</span>
+---------+
1 row in set, 1 warning (0.00 sec)
 
mysql&gt; SELECT HEX(tokyo());
+--------------+
<span class="quote1">| HEX(tokyo()) |</span>
+--------------+
<span class="quote1">| 3F3F         |</span>
+--------------+
1 row in set, 1 warning (0.00 sec)
 
mysql&gt; SELECT CHARSET(tokyo());
+------------------+
<span class="quote1">| CHARSET(tokyo()) |</span>
+------------------+
<span class="quote1">| binary           |</span>
+------------------+
1 row in set (0.00 sec)
 
mysql&gt; SHOW CREATE FUNCTION tokyo\G
*************************** 1. row ***************************
       Function: tokyo
       sql_mode:
Create Function: CREATE FUNCTION `tokyo`() RETURNS varchar(20)
    DETERMINISTIC
RETURN _utf8 X'E69DB1E4BAAC'
1 row in set (0.00 sec)
 
mysql&gt;

- - - - - - - - - - - - - - - - - - - - - - - - - - - - - - - - - - -

<span class="quote1">&gt; 藤原です</span>
<span class="quote1">&gt; </span>
<span class="quote1">&gt; 5.0.16 を使っているときに、FUNCTIONの返す文字列型 がどうもうまく動いて</span>
<span class="quote1">&gt; いないことを書きました。</span>
<span class="quote1">&gt; </span>
<span class="quote1">&gt; 今日、</span>
<span class="quote1">&gt; 17.2.1. CREATE PROCEDURE and CREATE FUNCTION</span>
<span class="quote1">&gt; <a href="http://dev.mysql.com/doc/refman/5.0/en/create-procedure.html">http://dev.mysql.com/doc/refman/5.0/en/create-procedure.html</a></span>
<span class="quote1">&gt; </span>
<span class="quote1">&gt; を見てみたら、</span>
<span class="quote1">&gt; </span>
<span class="quote1">&gt;  As of MySQL 5.0.18, the server uses the data type of a routine</span>
<span class="quote1">&gt;  parameter or function return value as follows. These rules also apply</span>
<span class="quote1">&gt;  to local routine variables created with the DECLARE statement</span>
<span class="quote1">&gt;  (Section 17.2.9.1, “DECLARE Local Variables”).</span>
<span class="quote1">&gt; </span>
<span class="quote1">&gt;     *</span>
<span class="quote1">&gt; </span>
<span class="quote1">&gt;       Assignments are checked for data type mismatches and</span>
<span class="quote1">&gt;       overflow. Conversion and overflow problems result in warnings,</span>
<span class="quote1">&gt;       or errors in strict mode.</span>
<span class="quote1">&gt;     *</span>
<span class="quote1">&gt; </span>
<span class="quote1">&gt;       For character data types, if there is a CHARACTER SET clause in</span>
<span class="quote1">&gt;       the declaration, the specified character set and its default</span>
<span class="quote1">&gt;       collation are used. If there is no such clause, the database</span>
<span class="quote1">&gt;       character set and collation are used. (These are given by the</span>
<span class="quote1">&gt;       values of the character_set_database and collation_database</span>
<span class="quote1">&gt;       system variables.)</span>
<span class="quote1">&gt;     *</span>
<span class="quote1">&gt; </span>
<span class="quote1">&gt;       Only scalar values can be assigned to parameters or</span>
<span class="quote1">&gt;       variables. For example, a statement such as SET x = (SELECT 1,</span>
<span class="quote1">&gt;       2) is invalid.</span>
<span class="quote1">&gt; </span>
<span class="quote1">&gt; Before MySQL 5.0.18, parameters, return values, and local variables</span>
<span class="quote1">&gt; are treated as items in expressions, and are subject to automatic</span>
<span class="quote1">&gt; (silent) conversion and truncation. Stored functions ignore the</span>
<span class="quote1">&gt; sql_mode setting. </span>
<span class="quote1">&gt; </span>
<span class="quote1">&gt; という記述がいつの間にか挿入されていました。</span>
<span class="quote1">&gt; もしかすると、 5.0.18(日本時間12/31リリース)で対応したってことですかね。</span>
<span class="quote1">&gt; </span>
<span class="quote1">&gt; 早速、5.0.18 をダウンロードして再確認するしかないみたいですね。</span>
<span class="quote1">&gt; もう誰か確認された方いらっしゃいますか？</span>
<span class="quote1">&gt; </span>
<span class="quote2">&gt; &gt; 藤原です</span>
<span class="quote2">&gt; &gt; </span>
<span class="quote2">&gt; &gt;   MySQL5.0.16 を使用しておりますが、FUNCTIONで日本語の文字列を返そうと</span>
<span class="quote2">&gt; &gt;   思っているのですが、CHARACTER SET の指定が有効になりません。</span>
<span class="quote2">&gt; &gt; </span>
<span class="quote2">&gt; &gt; </span>
<span class="quote2">&gt; &gt; 文字列 'こんにちは' を返す関数作ったら、以下のように動いたのですが、</span>
<span class="quote2">&gt; &gt; CHARSETで文字列のCHARSETを調べたら、binaryでした。</span>
<span class="quote2">&gt; &gt; </span>
<span class="quote2">&gt; &gt; mysql&gt; CREATE FUNCTION hello () RETURNS CHAR(50)</span>
<span class="quote2">&gt; &gt;     -&gt; RETURN 'こんにちは';</span>
<span class="quote2">&gt; &gt; Query OK, 0 rows affected (0.02 sec)</span>
<span class="quote2">&gt; &gt;  </span>
<span class="quote2">&gt; &gt; mysql&gt; SELECT hello();</span>
<span class="quote2">&gt; &gt; +------------+</span>
<span class="quote3">&gt; &gt; | hello()    |</span>
<span class="quote2">&gt; &gt; +------------+</span>
<span class="quote3">&gt; &gt; | こんにちは |</span>
<span class="quote2">&gt; &gt; +------------+</span>
<span class="quote2">&gt; &gt; 1 row in set (0.00 sec)</span>
<span class="quote2">&gt; &gt;  </span>
<span class="quote2">&gt; &gt; mysql&gt; SELECT CHARSET(hello());</span>
<span class="quote2">&gt; &gt; +------------------+</span>
<span class="quote3">&gt; &gt; | CHARSET(hello()) |</span>
<span class="quote2">&gt; &gt; +------------------+</span>
<span class="quote3">&gt; &gt; | binary           |</span>
<span class="quote2">&gt; &gt; +------------------+</span>
<span class="quote2">&gt; &gt; 1 row in set (0.00 sec)</span>
<span class="quote2">&gt; &gt;  </span>
<span class="quote2">&gt; &gt; mysql&gt;</span>
<span class="quote2">&gt; &gt; </span>
<span class="quote2">&gt; &gt; mysql&gt; CREATE FUNCTION hello () RETURNS CHAR(50) CHARACTER SET eucjpms</span>
<span class="quote2">&gt; &gt;     -&gt; RETURN 'こんにちは';</span>
<span class="quote2">&gt; &gt; Query OK, 0 rows affected (0.00 sec)</span>
<span class="quote2">&gt; &gt;  </span>
<span class="quote2">&gt; &gt; mysql&gt; SELECT CHARSET(hello());</span>
<span class="quote2">&gt; &gt; +------------------+</span>
<span class="quote3">&gt; &gt; | CHARSET(hello()) |</span>
<span class="quote2">&gt; &gt; +------------------+</span>
<span class="quote3">&gt; &gt; | binary           |</span>
<span class="quote2">&gt; &gt; +------------------+</span>
<span class="quote2">&gt; &gt; 1 row in set (0.01 sec)</span>
<span class="quote2">&gt; &gt;  </span>
<span class="quote2">&gt; &gt; mysql&gt;</span>
<span class="quote2">&gt; &gt; </span>
<span class="quote2">&gt; &gt; ということで、eucjpmsの指定はエラーにならず受け付けられるのですが、</span>
<span class="quote2">&gt; &gt; 呼び出してキャラクタセットを見ると、やはり binary になってしまいます。</span>
<span class="quote2">&gt; &gt; </span>
<span class="quote2">&gt; &gt; ちゃんとしたキャラクタセットを指定する方法はあるのでしょうか？</span>
<span class="quote2">&gt; &gt; </span>
<span class="quote1">&gt; ------------------------------------------------------------------</span>
<span class="quote1">&gt; 株式会社 タイムインターメディア       藤原 博文 fuji@xxxxxxxxxx</span>
<span class="quote1">&gt; 本社 160-0002 東京都新宿区坂町26-27 ＩＰＢビル    TEL 03-5362-9009</span>
<span class="quote1">&gt; URL  <a href="http://www.timedia.co.jp/">http://www.timedia.co.jp/</a>                    FAX 03-5362-9008</span>
<span class="quote1">&gt; 地図 <a href="http://www.timedia.co.jp/company/map/">http://www.timedia.co.jp/company/map/</a>     新宿線曙橋駅徒歩5分</span>
<span class="quote1">&gt; ------------------------------------------------------------------</span>
<span class="quote1">&gt; オープンソースWEB   <a href="http://oss.timedia.co.jp/">http://oss.timedia.co.jp/</a>   「MySQL日本語の旅」</span>
<span class="quote1">&gt; ------------------------------------------------------------------</span>

</pre>
</div>
<p class="button"><a href="12617">[前]</a><a href="12619">[次]</a><a href="../list/12601-12700">[番号順一覧]</a><a href="../thread/12601-12700">[スレッド一覧]</a></p>
<pre class="list">
<span>&nbsp;&nbsp;&nbsp;<a href="12593">  12593 2005-12-18 21:10 [Hirofumi Fujiwara &lt;f] FUNCTIONの返す文字列型                  </a></span>
<span>&nbsp;&nbsp;&nbsp;<a href="12617">  12617 2006-01-04 16:05 ┗[Hirofumi Fujiwara &lt;f]                                       </a></span>
<span class="current">-&gt;&nbsp;<a href="12618">  12618 2006-01-04 18:50 　┗[Hirofumi Fujiwara &lt;f]                                     </a></span>
<span>&nbsp;&nbsp;&nbsp;<a href="12629">  12629 2006-01-10 22:03 　　┗[Hirofumi Fujiwara &lt;f]                                   </a></span>
</pre>
</body>
</html>
