<html>
<head>
<meta http-equiv="Content-Style-Type" context="text/css">
<title>mysql:14872</title>
<link rel=stylesheet type="text/css" href="../../../css/w3ml.css">
</head>
<body>
<p class="button"><a href="14871">[前]</a><a href="14873">[次]</a><a href="../list/14801-14900">[番号順一覧]</a><a href="../thread/14801-14900">[スレッド一覧]</a></p>
<p class="id">
mysql:14872
</p>
<div class="header">
<p>
From: 柴垣 &lt;柴垣 &lt;akiro@xxxxxxxxxx&gt;&gt;<br>
Date: Fri, 22 May 2009 12:06:01 +0900<br>
Subject: [mysql 14872] Re: @変数の動作について<br>

</p>
</div>
<div class="body">
<pre>
NKさん、重ねてありがとうございます。

なるほど、確かに下記のように、テーブルMにインデックスを
つけるだけで、期待した結果になりました。

mysql&gt; alter table M add index codex (code);

　M側のインデックスだけで、結果が変わるのは不思議な気がしますが、
理由はもう少し考えて見ます。

（追伸:上のインデックスを削除し、alter table T add index codex (code);
として、T 側にインデックスをつけても同じ結果になりました。もちろん
両方にインデックスをつけても、同じ期待したとおりの結果です。)


<span class="quote1">&gt; 私は、結合カラムにはインデックスがついているだろうと想定してインデックスをつけて実施していましたが</span>
<span class="quote1">&gt; インデックスなしですと内部的に一時表をつくるので、それが影響しているんじゃないかと思いました。</span>
<span class="quote1">&gt; </span>
<span class="quote1">&gt; </span>
<span class="quote1">&gt; mysql&gt;  set @code=&quot;&quot;;</span>
<span class="quote1">&gt; Query OK, 0 rows affected</span>
<span class="quote1">&gt; </span>
<span class="quote1">&gt; mysql&gt; explain</span>
<span class="quote1">&gt;     -&gt; select if(T.code=@code,'same','new') as Mark,@code:=T.code as Code,M.name</span>
<span class="quote1">&gt; from T left join M on T.code=M.code order by T.code;</span>
<span class="quote1">&gt; +----+-------------+-------+-------+---------------+------+---------+-------------+------+-------------+</span>
<span class="quote2">&gt; | id | select_type | table | type  | possible_keys | key  | key_len |</span>
<span class="quote1">&gt; ref         | rows | Extra       |</span>
<span class="quote1">&gt; +----+-------------+-------+-------+---------------+------+---------+-------------+------+-------------+</span>
<span class="quote2">&gt; |  1 | SIMPLE      | T     | index | NULL          | code | 13      |</span>
<span class="quote1">&gt; NULL        |    3 | Using index |</span>
<span class="quote2">&gt; |  1 | SIMPLE      | M     | ref   | code          | code | 257     |</span>
<span class="quote1">&gt; test.T.code |    2 |             |</span>
<span class="quote1">&gt; +----+-------------+-------+-------+---------------+------+---------+-------------+------+-------------+</span>
<span class="quote1">&gt; 2 rows in set</span>
<span class="quote1">&gt; </span>
<span class="quote1">&gt; mysql&gt; set @code=&quot;&quot;;</span>
<span class="quote1">&gt; Query OK, 0 rows affected</span>
<span class="quote1">&gt; </span>
<span class="quote1">&gt; mysql&gt; select @code,if(T.code=@code,'same','new') as</span>
<span class="quote1">&gt; Mark,@code:=T.code as Code,M.name</span>
<span class="quote1">&gt; from T left join M on T.code=M.code order by T.code;</span>
<span class="quote1">&gt; +-------+------+------+------+</span>
<span class="quote2">&gt; | @code | Mark | Code | name |</span>
<span class="quote1">&gt; +-------+------+------+------+</span>
<span class="quote3">&gt; |       | new  | a    | ASM  |</span>
<span class="quote2">&gt; | a     | same | a    | ASM  |</span>
<span class="quote2">&gt; | a     | same | a    | ASM  |</span>
<span class="quote2">&gt; | a     | new  | b    | BAS  |</span>
<span class="quote2">&gt; | b     | same | b    | BAS  |</span>
<span class="quote2">&gt; | b     | new  | c    | COM  |</span>
<span class="quote2">&gt; | c     | same | c    | COM  |</span>
<span class="quote1">&gt; +-------+------+------+------+</span>
<span class="quote1">&gt; 7 rows in set</span>
<span class="quote1">&gt; </span>
<span class="quote1">&gt; </span>
<span class="quote1">&gt; </span>
<span class="quote1">&gt; mysql&gt; set @code=&quot;&quot;;</span>
<span class="quote1">&gt; Query OK, 0 rows affected</span>
<span class="quote1">&gt; </span>
<span class="quote1">&gt; mysql&gt; explain</span>
<span class="quote1">&gt;     -&gt; select if(T.code=@code,'same','new') as Mark,@code:=T.code as Code,M.name</span>
<span class="quote1">&gt; from T ignore index(code) left join M ignore index(code) on T.code=M.code</span>
<span class="quote1">&gt; order by T.code;</span>
<span class="quote1">&gt; +----+-------------+-------+------+---------------+------+---------+------+------+---------------------------------+</span>
<span class="quote2">&gt; | id | select_type | table | type | possible_keys | key  | key_len |</span>
<span class="quote1">&gt; ref  | rows | Extra                           |</span>
<span class="quote1">&gt; +----+-------------+-------+------+---------------+------+---------+------+------+---------------------------------+</span>
<span class="quote2">&gt; |  1 | SIMPLE      | T     | ALL  | NULL          | NULL | NULL    |</span>
<span class="quote1">&gt; NULL |    7 | Using temporary; Using filesort |</span>
<span class="quote2">&gt; |  1 | SIMPLE      | M     | ALL  | NULL          | NULL | NULL    |</span>
<span class="quote1">&gt; NULL |    3 |                                 |</span>
<span class="quote1">&gt; +----+-------------+-------+------+---------------+------+---------+------+------+---------------------------------+</span>
<span class="quote1">&gt; 2 rows in set</span>
<span class="quote1">&gt; </span>
<span class="quote1">&gt; mysql&gt;  set @code=&quot;&quot;;</span>
<span class="quote1">&gt; Query OK, 0 rows affected</span>
<span class="quote1">&gt; </span>
<span class="quote1">&gt; mysql&gt; select @code,if(T.code=@code,'same','new') as</span>
<span class="quote1">&gt; Mark,@code:=T.code as Code,M.name</span>
<span class="quote1">&gt; from T ignore index(code) left join M ignore index(code) on T.code=M.code</span>
<span class="quote1">&gt; order by T.code;</span>
<span class="quote1">&gt; +-------+------+------+------+</span>
<span class="quote2">&gt; | @code | Mark | Code | name |</span>
<span class="quote1">&gt; +-------+------+------+------+</span>
<span class="quote3">&gt; |       | new  | a    | ASM  |</span>
<span class="quote2">&gt; | b     | new  | a    | ASM  |</span>
<span class="quote2">&gt; | b     | new  | a    | ASM  |</span>
<span class="quote2">&gt; | a     | new  | b    | BAS  |</span>
<span class="quote2">&gt; | c     | new  | b    | BAS  |</span>
<span class="quote2">&gt; | a     | new  | c    | COM  |</span>
<span class="quote2">&gt; | a     | new  | c    | COM  |</span>
<span class="quote1">&gt; +-------+------+------+------+</span>
<span class="quote1">&gt; 7 rows in set</span>

_/_/_/_/_/_/_/_/_/_/_/_/_/_/_/_/_/_/_/_/_/_/_/_/_/_/

 柴垣　 akiro@xxxxxxxxxx

_/_/_/_/_/_/_/_/_/_/_/_/_/_/_/_/_/_/_/_/_/_/_/_/_/_/



</pre>
</div>
<p class="button"><a href="14871">[前]</a><a href="14873">[次]</a><a href="../list/14801-14900">[番号順一覧]</a><a href="../thread/14801-14900">[スレッド一覧]</a></p>
<pre class="list">
<span>&nbsp;&nbsp;&nbsp;<a href="14868">  14868 2009-05-22 00:44 [柴垣 &lt;akiro@xxxxxxxx] @変数の動作について                     </a></span>
<span>&nbsp;&nbsp;&nbsp;<a href="14869">  14869 2009-05-22 01:44 ┗[&quot;N.K.&quot; &lt;nakai.kanako]                                       </a></span>
<span>&nbsp;&nbsp;&nbsp;<a href="14870">  14870 2009-05-22 09:16 　┗[柴垣 &lt;akiro@xxxxxxxx]                                     </a></span>
<span>&nbsp;&nbsp;&nbsp;<a href="14871">  14871 2009-05-22 09:50 　　┗[&quot;N.K.&quot; &lt;nakai.kanako]                                   </a></span>
<span class="current">-&gt;&nbsp;<a href="14872">  14872 2009-05-22 12:06 　　　┗[柴垣 &lt;akiro@xxxxxxxx]                                 </a></span>
</pre>
</body>
</html>
