<html>
<head>
<meta http-equiv="Content-Style-Type" context="text/css">
<title>mysql:1498</title>
<link rel=stylesheet type="text/css" href="../../../css/w3ml.css">
</head>
<body>
<p class="button"><a href="1497">[前]</a><a href="1499">[次]</a><a href="../list/1401-1500">[番号順一覧]</a><a href="../thread/1401-1500">[スレッド一覧]</a></p>
<p class="id">
mysql:1498
</p>
<div class="header">
<p>
From: 奥田  典子 &lt;奥田  典子 &lt;okud_no@xxxxxxxxxx&gt;&gt;<br>
Date: Mon, 17 Jan 2000 18:39:11 +0900<br>
Subject: [mysql 01498] 3.22.26a で order by が効かない<br>

</p>
</div>
<div class="body">
<pre>
奥田と申します。

先日、MySQLのバージョンを3.21.30→3.22.26aにアップしたところ、
以前は正常に動作していたクエリーで、order by の指定が
正しく働かなくなるケースがみつかりました。

テーブル定義、サンプルデータ、クエリーは以下のとおりです。

create table     s   (
       s00       char(  6) NOT NULL,
       s01       char(  4) NOT NULL,
       index    (s00),
       index    (s01)
);
create table     h   (
       h00       char(  6) NOT NULL,
       h01       char( 18) NOT NULL,
       h02       char(  8) NOT NULL,
       unique   (h00),
       index    (h01),
       index    (h02)
);
create table     z   (
       z00       char(  8) NOT NULL,
       z01       char(  6) NOT NULL,
       unique   (z00),
       index    (z01)
);

mysql&gt; select * from s;
+--------+------+
<span class="quote1">| s00    | s01  |</span>
+--------+------+
<span class="quote1">| 839889 | JKSB |</span>
<span class="quote1">| 820240 | JKSB |</span>
<span class="quote1">| 820240 | JKSQ |</span>
<span class="quote1">| 839890 | JKSB |</span>
<span class="quote1">| 847653 | JKSC |</span>
<span class="quote1">| 839927 | JKSC |</span>
+--------+------+
6 rows in set (0.01 sec)

mysql&gt; select * from h;
+--------+----------+----------+
<span class="quote1">| h00    | h01      | h02      |</span>
+--------+----------+----------+
<span class="quote1">| 839889 | kamiya   | 00968801 |</span>
<span class="quote1">| 820240 | hori     | 00803603 |</span>
<span class="quote1">| 839890 | yamada   | 00975701 |</span>
<span class="quote1">| 847653 | take     | 00977003 |</span>
<span class="quote1">| 839927 | hayakawa | 00975702 |</span>
+--------+----------+----------+
5 rows in set (0.01 sec)

mysql&gt; select * from z;
+----------+--------+
<span class="quote1">| z00      | z01    |</span>
+----------+--------+
<span class="quote1">| 00803603 | 502030 |</span>
<span class="quote1">| 00968801 | 051010 |</span>
<span class="quote1">| 00975701 | 552010 |</span>
<span class="quote1">| 00975702 | 552020 |</span>
<span class="quote1">| 00977003 | 551020 |</span>
+----------+--------+
5 rows in set (0.01 sec)

mysql&gt; SELECT s00,s01,h01,h02,z01
    -&gt;  from s left join h on s.s00 = h.h00
    -&gt;         left join z on h.h02 = z.z00
    -&gt;  order by z01, s00
    -&gt; ;
  ◆2                                   ◆1
+--------+------+----------+----------+--------+
<span class="quote1">| s00    | s01  | h01      | h02      | z01    |</span>
+--------+------+----------+----------+--------+
<span class="quote1">| 820240 | JKSB | hori     | 00803603 | 502030 |</span>
<span class="quote1">| 820240 | JKSQ | hori     | 00803603 | 502030 |</span>
<span class="quote1">| 839889 | JKSB | kamiya   | 00968801 | 051010 |</span>
<span class="quote1">| 839890 | JKSB | yamada   | 00975701 | 552010 |</span>
<span class="quote1">| 839927 | JKSC | hayakawa | 00975702 | 552020 |</span>
<span class="quote1">| 847653 | JKSC | take     | 00977003 | 551020 |</span>
+--------+------+----------+----------+--------+
6 rows in set (0.02 sec)

  ◆1,◆2の順になっていない。


ちなみに、order by の２番目をs00からs01に変えてみると、
正しくソートされます。

mysql&gt; SELECT s00,s01,h01,h02,z01
    -&gt;  from s left join h on s.s00 = h.h00
    -&gt;         left join z on h.h02 = z.z00
    -&gt;  order by z01, s01
    -&gt; ;
           ◆2                          ◆1
+--------+------+----------+----------+--------+
<span class="quote1">| s00    | s01  | h01      | h02      | z01    |</span>
+--------+------+----------+----------+--------+
<span class="quote1">| 839889 | JKSB | kamiya   | 00968801 | 051010 |</span>
<span class="quote1">| 820240 | JKSB | hori     | 00803603 | 502030 |</span>
<span class="quote1">| 820240 | JKSQ | hori     | 00803603 | 502030 |</span>
<span class="quote1">| 847653 | JKSC | take     | 00977003 | 551020 |</span>
<span class="quote1">| 839890 | JKSB | yamada   | 00975701 | 552010 |</span>
<span class="quote1">| 839927 | JKSC | hayakawa | 00975702 | 552020 |</span>
+--------+------+----------+----------+--------+
6 rows in set (0.03 sec)


left joinの使い方が悪いとか、何か理由がありますでしょうか。
EXPLAINをかけると、以下のように表示されます。

mysql&gt; EXPLAIN SELECT s00,s01,h01,h02,z01
    -&gt;  from s left join h on s.s00 = h.h00
    -&gt;         left join z on h.h02 = z.z00
    -&gt;  order by z01, s00
    -&gt; ;
+-------+--------+---------------+------+---------+-------+------+-------+
<span class="quote1">| table | type   | possible_keys | key  | key_len | ref   | rows | Extra |</span>
+-------+--------+---------------+------+---------+-------+------+-------+
<span class="quote1">| s     | ALL    | NULL          | NULL |    NULL | NULL  |    6 |       |</span>
<span class="quote1">| h     | eq_ref | h00           | h00  |       6 | s.s00 |    1 |       |</span>
<span class="quote1">| z     | eq_ref | z00           | z00  |       8 | h.h02 |    1 |       |</span>
+-------+--------+---------------+------+---------+-------+------+-------+
3 rows in set (0.34 sec)

参考まで、load data infile 用のテキストを添付します。&lt;sample.lzh&gt;
どなたか、よろしくお願いします。
-----------------------------------------------------------------
奥田  典子 &lt;okud_no@xxxxxxxxxx&gt;



</pre>
</div>
<div class="attach">
<h3 class="attachtitle">添付ファイル</h3>
<ul>
<li><a href="http://www.mysql.gr.jp/mysqlml/mysql/msg/1498/0/sample.lzh">sample.lzh [application/octet-stream]</a>
</ul>
</div>
<p class="button"><a href="1497">[前]</a><a href="1499">[次]</a><a href="../list/1401-1500">[番号順一覧]</a><a href="../thread/1401-1500">[スレッド一覧]</a></p>
<pre class="list">
<span class="current">-&gt;&nbsp;<a href="1498">@  1498 2000-01-17 18:39 [奥田  典子 &lt;okud_no@] 3.22.26a で order by が効かない         </a></span>
<span>&nbsp;&nbsp;&nbsp;<a href="1499">   1499 2000-01-17 19:09 ┗[&lt;takeshi@xxxxxxxxxx&gt;]                                       </a></span>
<span>&nbsp;&nbsp;&nbsp;<a href="1500">   1500 2000-01-18 10:24 　┗[奥田  典子 &lt;okud_no@]                                     </a></span>
</pre>
</body>
</html>
