<html>
<head>
<meta http-equiv="Content-Style-Type" context="text/css">
<title>mysql:4039</title>
<link rel=stylesheet type="text/css" href="../../../css/w3ml.css">
</head>
<body>
<p class="button"><a href="4038">[前]</a><a href="4040">[次]</a><a href="../list/4001-4100">[番号順一覧]</a><a href="../thread/4001-4100">[スレッド一覧]</a></p>
<p class="id">
mysql:4039
</p>
<div class="header">
<p>
From: Minoru Fukuda &lt;Minoru Fukuda &lt;fukuda@xxxxxxxxxx&gt;&gt;<br>
Date: Wed, 18 Jul 2001 18:17:28 +0900<br>
Subject: [mysql 04039] VIEW, UNION の代替方法<br>

</p>
</div>
<div class="body">
<pre>
こんにちは、MySQL 初心者の福田＠キノルです。

これまで、PostgreSQL を使っていたのですが、実行スピードにものたりないので
MySQL を検討しています。ただ MySQL には VIEW や UNION の機能がないので
以下のような場合には、どうしたら良いか困っています。
お知恵を貸してください。

在庫管理用のデータベースなのですが、以下の２つの入出庫に関するテーブルと、
そのレコードがあるとします。

create table tableNyuuko (
        nyuukoID        integer auto_increment primary key,
        kazu            integer,
        shouhinmei      text
);
create table tableShukko (
        shukkoID        integer auto_increment primary key,
        kazu            integer,
        shouhinmei      text
);

mysql&gt; select * from tableNyuuko;
+----------+------+------------+
<span class="quote1">| nyuukoID | kazu | shouhinmei |</span>
+----------+------+------------+
<span class="quote1">|        1 |   10 | A          |</span>
<span class="quote1">|        2 |   20 | B          |</span>
<span class="quote1">|        3 |   30 | C          |</span>
+----------+------+------------+
3 rows in set (0.00 sec)

mysql&gt; select * from tableShukko;
+----------+------+------------+
<span class="quote1">| shukkoID | kazu | shouhinmei |</span>
+----------+------+------------+
<span class="quote1">|        1 |    3 | A          |</span>
<span class="quote1">|        2 |    4 | B          |</span>
+----------+------+------------+
2 rows in set (0.01 sec)

こういった場合 Postgre など、VIEW, UNION が使える DBMS では

CRREATE VIEW viewNyuuShukko AS
SELECT kazu AS nyuukoSuu, 0 AS shukkoSuu, shouhinmei
UNION ALL
SELECT 0 AS nyuukoSuu, kazu AS shukkoSuu, shouhinmei;

と言った具合で、いったん UNION を使った VIEW を作り、

SELECT SUM(nyuukoSuu), SUM(shukkoSuu), shouhinmei
FROM viewNyuuShukko
GROUP BY shouhinmei;

で、以下のような入出庫の表を得ることができていました。

+-----------+-----------+------------+
<span class="quote1">| nyuukoSuu | shukkoSuu | shouhinmei |</span>
+-----------+-----------+------------+
<span class="quote1">|        10 |         3 | A          |</span>
<span class="quote1">|        20 |         4 | B          |</span>
<span class="quote1">|        30 |         0 | C          |</span>
+-----------+-----------+------------+

MySQL でこのような表を得るためには、もちろん VIEW, UNION が
使えないと思いますが、どう言った方法で実現できるのでしょうか？

よろしくお願いします。

-- 
福田稔 Minoru Fukuda
fukuda@xxxxxxxxxx
kinol interactive inc.
<a href="http://www.kinol.co.jp">http://www.kinol.co.jp</a>

</pre>
</div>
<p class="button"><a href="4038">[前]</a><a href="4040">[次]</a><a href="../list/4001-4100">[番号順一覧]</a><a href="../thread/4001-4100">[スレッド一覧]</a></p>
<pre class="list">
<span class="current">-&gt;&nbsp;<a href="4039">   4039 2001-07-18 18:17 [Minoru Fukuda &lt;fukud] VIEW, UNION の代替方法                  </a></span>
<span>&nbsp;&nbsp;&nbsp;<a href="4040">   4040 2001-07-19 04:11 ┗[とみたまさひろ &lt;tomm]                                       </a></span>
<span>&nbsp;&nbsp;&nbsp;<a href="4044">   4044 2001-07-19 11:58 　┗[Minoru Fukuda &lt;fukud]                                     </a></span>
<span>&nbsp;&nbsp;&nbsp;<a href="4082">   4082 2001-07-29 15:16 　　┗[とみたまさひろ &lt;tomm]                                   </a></span>
</pre>
</body>
</html>
