<html>
<head>
<meta http-equiv="Content-Style-Type" context="text/css">
<title>mysql:4277</title>
<link rel=stylesheet type="text/css" href="../../../css/w3ml.css">
</head>
<body>
<p class="button"><a href="4276">[前]</a><a href="4278">[次]</a><a href="../list/4201-4300">[番号順一覧]</a><a href="../thread/4201-4300">[スレッド一覧]</a></p>
<p class="id">
mysql:4277
</p>
<div class="header">
<p>
From: (遠藤 俊裕) &lt;&lt;endo_t@xxxxxxxxxx&gt;&gt;<br>
Date: Mon, 03 Sep 2001 21:49:40 +0900<br>
Subject: [mysql 04277] Re: ２テーブル間で不一致のデータを抽出したい！<br>

</p>
</div>
<div class="body">
<pre>
遠藤です。

yasushi fujiwara さんは書きました:
<span class="quote1">&gt;私の書いたSQLでもうまくいってほしいですネ！</span>
<span class="quote1">&gt;SELECT DISTINCT employee.emp_cd ,employee.last_name_j as name FROM employee, administrators </span>
<span class="quote1">&gt;WHERE ( (employee.emp_cd &lt;&gt; administrators.emp_cd) ) </span>
<span class="quote1">&gt;これて、Bugなんでしょうネ。</span>

当然の結果だと思いますよ。

mysql&gt; insert into a values ('3');
Query OK, 1 row affected (0.00 sec)

mysql&gt; insert into e values ('3', '白鳥 麗子');
Query OK, 1 row affected (0.00 sec)

mysql&gt; select * from a;
+------+
<span class="quote1">| cd   |</span>
+------+
<span class="quote1">| 1    |</span>
<span class="quote1">| 3    |</span>
+------+
2 rows in set (0.00 sec)

mysql&gt; select * from e;
+------+-----------+
<span class="quote1">| cd   | name      |</span>
+------+-----------+
<span class="quote1">| 1    | 長島 茂雄 |</span>
<span class="quote1">| ２   | 鈴木 一郎 |</span>
<span class="quote1">| 3    | 白鳥 麗子 |</span>
+------+-----------+
3 rows in set (0.00 sec)

mysql&gt; select distinct e.cd, e.name from e, a where e.cd &lt;&gt; a.cd;
+------+-----------+
<span class="quote1">| cd   | name      |</span>
+------+-----------+
<span class="quote1">| ２   | 鈴木 一郎 |</span>
<span class="quote1">| 3    | 白鳥 麗子 |</span>
<span class="quote1">| 1    | 長島 茂雄 |</span>
+------+-----------+
3 rows in set (0.01 sec)

mysql&gt; select * from e, a where e.cd &lt;&gt; a.cd;
+------+-----------+------+
<span class="quote1">| cd   | name      | cd   |</span>
+------+-----------+------+
<span class="quote1">| ２   | 鈴木 一郎 | 1    |</span>
<span class="quote1">| 3    | 白鳥 麗子 | 1    |</span>
<span class="quote1">| 1    | 長島 茂雄 | 3    |</span>
<span class="quote1">| ２   | 鈴木 一郎 | 3    |</span>
+------+-----------+------+
4 rows in set (0.01 sec)

ですから、ご希望の処理を行うには以下のようにします。

mysql&gt; select * from e left join a on e.cd = a.cd where a.cd is null;
+------+-----------+------+
<span class="quote1">| cd   | name      | cd   |</span>
+------+-----------+------+
<span class="quote1">| ２   | 鈴木 一郎 | NULL |</span>
+------+-----------+------+
1 row in set (0.01 sec)

これは以下の理由からです。

mysql&gt; select * from e left join a on e.cd = a.cd;
+------+-----------+------+
<span class="quote1">| cd   | name      | cd   |</span>
+------+-----------+------+
<span class="quote1">| 1    | 長島 茂雄 | 1    |</span>
<span class="quote1">| ２   | 鈴木 一郎 | NULL |</span>
<span class="quote1">| 3    | 白鳥 麗子 | 3    |</span>
+------+-----------+------+
3 rows in set (0.01 sec)

</pre>
</div>
<p class="button"><a href="4276">[前]</a><a href="4278">[次]</a><a href="../list/4201-4300">[番号順一覧]</a><a href="../thread/4201-4300">[スレッド一覧]</a></p>
<pre class="list">
<span>&nbsp;&nbsp;&nbsp;<a href="4270">   4270 2001-09-03 16:18 [&quot;yasushi fujiwara&quot; &lt;] ２テーブル間で不一致のデータを抽出したい！</a></span>
<span>&nbsp;&nbsp;&nbsp;<a href="4271">   4271 2001-09-03 16:54 ┣[&lt;endo_t@xxxxxxxxxx&gt; ]                                       </a></span>
<span>&nbsp;&nbsp;&nbsp;<a href="4272">   4272 2001-09-03 17:52 ┣[madara &lt;madara@xxxxx]                                       </a></span>
<span>&nbsp;&nbsp;&nbsp;<a href="4273">   4273 2001-09-03 19:39 ┃┗[&quot;yasushi fujiwara&quot; &lt;]                                     </a></span>
<span>&nbsp;&nbsp;&nbsp;<a href="4274">   4274 2001-09-03 19:54 ┃　┣[fuji &lt;fujiyama@xxxxx]                                   </a></span>
<span class="current">-&gt;&nbsp;<a href="4277">   4277 2001-09-03 21:49 ┃　┗[&lt;endo_t@xxxxxxxxxx&gt; ]                                   </a></span>
<span>&nbsp;&nbsp;&nbsp;<a href="4278">   4278 2001-09-03 23:02 ┃　　┗[&quot;yasushi fujiwara&quot; &lt;]                                 </a></span>
<span>&nbsp;&nbsp;&nbsp;<a href="4289">   4289 2001-09-09 08:15 ┃　　　┗[&lt;moeru@xxxxxxxxxx&gt;  ]                               </a></span>
<span>&nbsp;&nbsp;&nbsp;<a href="4290">   4290 2001-09-10 13:08 ┃　　　　┣[fuji &lt;fujiyama@xxxxx]                             </a></span>
<span>&nbsp;&nbsp;&nbsp;<a href="4292">   4292 2001-09-10 21:23 ┃　　　　┃┗[&lt;moeru@xxxxxxxxxx&gt;  ]                           </a></span>
<span>&nbsp;&nbsp;&nbsp;<a href="4293">   4293 2001-09-10 22:07 ┃　　　　┃　┣[&lt;endo_t@xxxxxxxxxx&gt; ]                         </a></span>
<span>&nbsp;&nbsp;&nbsp;<a href="4294">   4294 2001-09-10 22:19 ┃　　　　┃　┣[とみたまさひろ &lt;tomm]                         </a></span>
<span>&nbsp;&nbsp;&nbsp;<a href="4295">   4295 2001-09-10 22:41 ┃　　　　┃　┗[fuji &lt;fujiyama@xxxxx]                         </a></span>
<span>&nbsp;&nbsp;&nbsp;<a href="4298">   4298 2001-09-12 00:23 ┃　　　　┃　　┗[&lt;moeru@xxxxxxxxxx&gt;  ]                       </a></span>
<span>&nbsp;&nbsp;&nbsp;<a href="4291">   4291 2001-09-10 13:31 ┃　　　　┗[madara &lt;madara@xxxxx]                             </a></span>
<span>&nbsp;&nbsp;&nbsp;<a href="4275">   4275 2001-09-03 19:54 ┗[Tomohiro 'Tomo-p' KA]                                       </a></span>
</pre>
</body>
</html>
