<html>
<head>
<meta http-equiv="Content-Style-Type" context="text/css">
<title>mysql:6817</title>
<link rel=stylesheet type="text/css" href="../../../css/w3ml.css">
</head>
<body>
<p class="button"><a href="6816">[前]</a><a href="6818">[次]</a><a href="../list/6801-6900">[番号順一覧]</a><a href="../thread/6801-6900">[スレッド一覧]</a></p>
<p class="id">
mysql:6817
</p>
<div class="header">
<p>
From: Shinya Kawaji &lt;Shinya Kawaji &lt;kawaji@xxxxxxxxxx&gt;&gt;<br>
Date: Thu, 09 Jan 2003 16:51:10 +0900<br>
Subject: [mysql 06817] Re: 日付型の条件検索について<br>

</p>
</div>
<div class="body">
<pre>
かわじ、です。


ちょっと引用が長いですが・・・

<span class="quote1">&gt; table1 は、</span>
<span class="quote1">&gt; </span>
<span class="quote1">&gt; f_date_time｜aaa｜bbb｜ccc｜ddd｜eee｜fff</span>
<span class="quote1">&gt; ―――――+――+――+――+――+――+――</span>
<span class="quote1">&gt; 2003-01-01｜ 0 ｜ 1 ｜ 0 ｜ 1 ｜ 2 ｜ 4 ｜ 1</span>
<span class="quote1">&gt; 2003-01-02｜ 0 ｜ 3 ｜ 0 ｜ 0 ｜ 2 ｜ 1 ｜ 1</span>
<span class="quote1">&gt; 2003-01-03｜ 3 ｜ 0 ｜ 4 ｜ 7 ｜ 3 ｜ 4 ｜ 0</span>
<span class="quote1">&gt; 2003-01-04｜ 0 ｜ 2 ｜ 0 ｜ 0 ｜ 2 ｜ 2 ｜ 1</span>
<span class="quote1">&gt; ・</span>
<span class="quote1">&gt; ・</span>
<span class="quote1">&gt; と、５年分の日付データとそれぞれ数字が入っております。</span>
<span class="quote1">&gt; </span>
<span class="quote1">&gt; table2 は、</span>
<span class="quote1">&gt; </span>
<span class="quote1">&gt; f_name｜f_code</span>
<span class="quote1">&gt; ―――+―――</span>
<span class="quote1">&gt; あいうえお｜ aaa</span>
<span class="quote1">&gt; かきくけこ｜bbb</span>
<span class="quote1">&gt; さしすせそ｜ccc</span>
<span class="quote1">&gt; たちつてと｜ ddd</span>
<span class="quote1">&gt; なにぬねの｜eee</span>
<span class="quote1">&gt; はひふへほ｜ fff</span>
<span class="quote1">&gt; </span>
<span class="quote1">&gt; となっております。</span>
<span class="quote1">&gt; </span>
<span class="quote1">&gt; 結果として、ブラウザに、</span>
<span class="quote1">&gt; </span>
<span class="quote1">&gt; 　　　　　　｜1日｜2日｜3日｜・・・・</span>
<span class="quote1">&gt; あいうえお｜ 0 ｜ 0  ｜  3  ｜</span>
<span class="quote1">&gt; かきくけこ｜ 2 ｜ 1  ｜  3  ｜</span>
<span class="quote1">&gt; さしすせそ｜ 0 ｜ 0  ｜  3  ｜</span>
<span class="quote1">&gt; ・</span>
<span class="quote1">&gt; ・</span>
<span class="quote1">&gt; と、言った感じのテーブル構造で表示したいのですが、</span>
<span class="quote1">&gt; よく分かりません。</span>
<span class="quote1">&gt; </span>
<span class="quote1">&gt; どなたか教えて頂けないでしょうか？</span>


私の理解では、普通、「他のテーブルのフィールド名をデータとして入れる」
ことはしません。

入れるとしたら、「他のテーブルのデータ」です。


上記の場合でしたら、table1をまず、以下のようにする方が
良いと思いますが、いかがでしょう？（table3としています）

mysql&gt; select * from table3;
+------+-------------+--------+-------+
<span class="quote1">| f_id | f_date_time | f_code | f_num |</span>
+------+-------------+--------+-------+
<span class="quote1">|    1 | 2003-01-01  | bbb    |     1 |</span>
<span class="quote1">|    2 | 2003-01-01  | ddd    |     1 |</span>
<span class="quote1">|    3 | 2003-01-01  | eee    |     2 |</span>
<span class="quote1">|    4 | 2003-01-01  | fff    |     4 |</span>
<span class="quote1">|    5 | 2003-01-02  | bbb    |     3 |</span>
<span class="quote1">|    6 | 2003-01-02  | eee    |     2 |</span>
<span class="quote1">|    7 | 2003-01-02  | fff    |     1 |</span>
<span class="quote1">|    8 | 2003-01-03  | aaa    |     3 |</span>
<span class="quote1">|    9 | 2003-01-03  | ccc    |     4 |</span>
<span class="quote1">|   10 | 2003-01-03  | ddd    |     7 |</span>
<span class="quote1">|   11 | 2003-01-03  | eee    |     3 |</span>
<span class="quote1">|   12 | 2003-01-03  | fff    |     4 |</span>
<span class="quote1">|   13 | 2003-01-04  | bbb    |     2 |</span>
<span class="quote1">|   14 | 2003-01-04  | eee    |     2 |</span>
<span class="quote1">|   15 | 2003-01-04  | fff    |     2 |</span>
+------+-------------+--------+-------+
15 rows in set (0.00 sec)


こうしてあれば、f_nameとf_date_timeのクロス集計は、以下のように出来ます。

mysql&gt; SELECT
    -&gt;   t2.f_name,
    -&gt;   SUM(IF(FIELD(t3.f_date_time,'2003-01-01'),t3.f_num,0)) as '1日',
    -&gt;   SUM(IF(FIELD(t3.f_date_time,'2003-01-02'),t3.f_num,0)) as '2日',
    -&gt;   SUM(IF(FIELD(t3.f_date_time,'2003-01-03'),t3.f_num,0)) as '3日'
    -&gt; FROM
    -&gt;   table2 as t2
    -&gt;   left join table3 as t3 using (f_code)
    -&gt; GROUP BY
    -&gt;   t2.f_name
    -&gt; ;
+------------+------+------+------+
<span class="quote1">| f_name     | 1日  | 2日  | 3日  |</span>
+------------+------+------+------+
<span class="quote1">| あいうえお |    0 |    0 |    3 |</span>
<span class="quote1">| かきくけこ |    1 |    3 |    0 |</span>
<span class="quote1">| さしすせそ |    0 |    0 |    4 |</span>
<span class="quote1">| たちつてと |    1 |    0 |    7 |</span>
<span class="quote1">| なにぬねの |    2 |    2 |    3 |</span>
<span class="quote1">| はひふへほ |    4 |    1 |    4 |</span>
+------------+------+------+------+
6 rows in set (0.00 sec)


実際には、上記のSELECT文は、表示させる日付の範囲に応じて適宜、
プログラム側で生成させる必要があるでしょう。

「クロス集計」についてはこちら。
<a href="http://www.mysql.gr.jp/mysqlml/search.cgi?ml=mysql&amp;body=%A5%AF%A5%ED%A5%B9%BD%B8%B7%D7">http://www.mysql.gr.jp/mysqlml/search.cgi?ml=mysql&amp;body=%A5%AF%A5%ED%A5%B9%BD%B8%B7%D7</a>


# と書きましたが、上記のようなやり方で本当に良いのか、
# ちょっと自信なかったりして。

--
Shinya Kawaji



</pre>
</div>
<p class="button"><a href="6816">[前]</a><a href="6818">[次]</a><a href="../list/6801-6900">[番号順一覧]</a><a href="../thread/6801-6900">[スレッド一覧]</a></p>
<pre class="list">
<span>&nbsp;&nbsp;&nbsp;<a href="6807">   6807 2003-01-08 22:03 [&lt;lavlav@xxxxxxxxxx&gt; ] Re: 日付型の条件検索について            </a></span>
<span class="current">-&gt;&nbsp;<a href="6817">   6817 2003-01-09 16:51 ┣[Shinya Kawaji &lt;kawaj]                                       </a></span>
<span>&nbsp;&nbsp;&nbsp;<a href="6820">   6820 2003-01-09 18:12 ┃┗[&lt;lavlav@xxxxxxxxxx&gt; ]                                     </a></span>
<span>&nbsp;&nbsp;&nbsp;<a href="6822">   6822 2003-01-09 19:20 ┃　┗[Shinya Kawaji &lt;kawaj]                                   </a></span>
<span>&nbsp;&nbsp;&nbsp;<a href="6818">   6818 2003-01-09 17:38 ┗[谷中 &lt;yanakas@xxxxxx]                                       </a></span>
<span>&nbsp;&nbsp;&nbsp;<a href="6819">   6819 2003-01-09 18:03 　┗[&lt;lavlav@xxxxxxxxxx&gt; ]                                     </a></span>
</pre>
</body>
</html>
