<html>
<head>
<meta http-equiv="Content-Style-Type" context="text/css">
<title>mysql:7923</title>
<link rel=stylesheet type="text/css" href="../../../css/w3ml.css">
</head>
<body>
<p class="button"><a href="7922">[前]</a><a href="7924">[次]</a><a href="../list/7901-8000">[番号順一覧]</a><a href="../thread/7901-8000">[スレッド一覧]</a></p>
<p class="id">
mysql:7923
</p>
<div class="header">
<p>
From: Kengo Jinno &lt;Kengo Jinno &lt;kengo@xxxxxxxxxx&gt;&gt;<br>
Date: Fri, 20 Jun 2003 16:56:16 +0900<br>
Subject: [mysql 07923] Re: SQL 文での WHERE  句の質問<br>

</p>
</div>
<div class="body">
<pre>
神野です。

Fri, 20 Jun 2003 16:33:41 +0900 ごろに
&lt;00d301c336fe$480a8d30$1664a8c0@anzai&gt; の
&quot;<a href="07921">[mysql 07921]</a> SQL 文での WHERE 句の質問&quot; のメールで
&quot;K-A&quot; &lt;k-anzai@xxxxxxxxxx&gt; さんは書きました。

<span class="quote1">&gt; ソース---------------------------------</span>
<span class="quote1">&gt; SELECT *</span>
<span class="quote1">&gt; FROM tbdress_a</span>
<span class="quote1">&gt; WHERE dress_type IN (フォームデータ)</span>
<span class="quote1">&gt; --------------------------------------</span>
<span class="quote1">&gt; </span>
<span class="quote1">&gt; 上記のSQLの時</span>
<span class="quote1">&gt; dress_typeの中身が「5」（単数）</span>
<span class="quote1">&gt; フォームデータの中身が「1,3,5」（複数）</span>
<span class="quote1">&gt; の場合、dress_typeが「5」のデータが取得されます。</span>

 mysql&gt; create table tbdress_a ( dress_type int );
 Query OK, 0 rows affected (0.05 sec)
 
 mysql&gt; insert into tbdress_a values( 5 );
 Query OK, 1 row affected (0.04 sec)
 
 mysql&gt; select * from tbdress_a;
 +------------+
 | dress_type |
 +------------+
 |          5 |
 +------------+
 1 row in set (0.00 sec)
 
 mysql&gt; select * from tbdress_a where dress_type in ( 1,3,5 );
 +------------+
 | dress_type |
 +------------+
 |          5 |
 +------------+
 1 row in set (0.05 sec)

正しいです。

<span class="quote1">&gt; しかし、</span>
<span class="quote1">&gt; dress_typeの中身が「5,7」（複数）</span>
<span class="quote1">&gt; フォームデータの中身が「1,3,5」（複数）</span>
<span class="quote1">&gt; の場合、dress_typeの中身に「5」が含まれていても、そのデータは取得されませ</span>
<span class="quote1">&gt; ん。</span>

 mysql&gt; insert into tbdress_a values( 7 );
 Query OK, 1 row affected (0.00 sec)
 
 mysql&gt; select * from tbdress_a;
 +------------+
 | dress_type |
 +------------+
 |          5 |
 |          7 |
 +------------+
 2 rows in set (0.00 sec)
 
 mysql&gt; select * from tbdress_a where dress_type in ( 1,3,5 );
 +------------+
 | dress_type |
 +------------+
 |          5 |
 +------------+
 1 row in set (0.01 sec)

これも正しく動いているように見えますが、どこか間違ってますか？


  where dress_type in ( 1,3,5 )

っていうのは、

  where dress_type = 1 or dress_type = 3 or dress_type = 5

と等価ですよね？

-- 
神野健吾 &lt;kengo@xxxxxxxxxx&gt;

</pre>
</div>
<p class="button"><a href="7922">[前]</a><a href="7924">[次]</a><a href="../list/7901-8000">[番号順一覧]</a><a href="../thread/7901-8000">[スレッド一覧]</a></p>
<pre class="list">
<span>&nbsp;&nbsp;&nbsp;<a href="7921">   7921 2003-06-20 16:33 [&quot;K-A&quot; &lt;k-anzai@xxxxx] SQL 文での WHERE 句の質問               </a></span>
<span>&nbsp;&nbsp;&nbsp;<a href="7922">   7922 2003-06-20 16:55 ┣[Koji KUSANAGI &lt;kusan]                                       </a></span>
<span>&nbsp;&nbsp;&nbsp;<a href="7924">   7924 2003-06-20 17:01 ┃┗[&quot;K-A&quot; &lt;k-anzai@xxxxx]                                     </a></span>
<span>&nbsp;&nbsp;&nbsp;<a href="7925">   7925 2003-06-20 17:05 ┃　┣[Kengo Jinno &lt;kengo@x]                                   </a></span>
<span>&nbsp;&nbsp;&nbsp;<a href="7928">   7928 2003-06-20 17:26 ┃　┗[Koji KUSANAGI &lt;kusan]                                   </a></span>
<span>&nbsp;&nbsp;&nbsp;<a href="7929">   7929 2003-06-20 18:20 ┃　　┗[&quot;K-A&quot; &lt;k-anzai@xxxxx]                                 </a></span>
<span class="current">-&gt;&nbsp;<a href="7923">   7923 2003-06-20 16:56 ┣[Kengo Jinno &lt;kengo@x]                                       </a></span>
<span>&nbsp;&nbsp;&nbsp;<a href="7927">   7927 2003-06-20 17:12 ┃┗[&quot;K-A&quot; &lt;k-anzai@xxxxx]                                     </a></span>
<span>&nbsp;&nbsp;&nbsp;<a href="7932">   7932 2003-06-21 16:06 ┃　┗[seiji takegata &lt;take]                                   </a></span>
<span>&nbsp;&nbsp;&nbsp;<a href="7934">   7934 2003-06-22 16:40 ┃　　┗[SUGAWARA Hajime &lt;sug]                                 </a></span>
<span>&nbsp;&nbsp;&nbsp;<a href="7935">   7935 2003-06-22 20:49 ┃　　　┗[seiji takegata &lt;take]                               </a></span>
<span>&nbsp;&nbsp;&nbsp;<a href="7926">   7926 2003-06-20 17:06 ┗[SUGAWARA Hajime &lt;sug]                                       </a></span>
</pre>
</body>
</html>
