<html>
<head>
<meta http-equiv="Content-Style-Type" context="text/css">
<title>mysql:7929</title>
<link rel=stylesheet type="text/css" href="../../../css/w3ml.css">
</head>
<body>
<p class="button"><a href="7928">[前]</a><a href="7930">[次]</a><a href="../list/7901-8000">[番号順一覧]</a><a href="../thread/7901-8000">[スレッド一覧]</a></p>
<p class="id">
mysql:7929
</p>
<div class="header">
<p>
From: &quot;K-A&quot; &lt;&quot;K-A&quot; &lt;k-anzai@xxxxxxxxxx&gt;&gt;<br>
Date: Fri, 20 Jun 2003 18:20:37 +0900<br>
Subject: [mysql 07929] Re: SQL 文での WHERE  句の質問<br>

</p>
</div>
<div class="body">
<pre>
お世話になっております、安齋です。
草薙様、菅原様、神野様メールありがとうございます。

tbdress_aと言うのはもともと連結される方のテーブルでして、
tball_dataと連結しています。

tbdress_a------------------------
id　　　　　　　auto_increment
all_data　　　int（↓tball_dataのid）
dress_type　text（'1,2,7'）
--------------------------------

tball_data------------------------
id　　　　　　　auto_increment
data_name　　　text
data_tel　　　　　text
data_fax　　　　　text
・
・
・
--------------------------------

親はtball_dataです。
子供をtbdress_aにしました。
子供は他にもtbdress_b〜eまでで、合計5人居ます。

草薙様のやり方を実行すると、
tbdress_aに、tbdress_a2という感じで子供を付けると言う方法ですよね。（多分）
でその子らに数字を1つずつ持ってもらう・・・。
うまく説明出来ませんが、なんとか頭に描けています。すみません；
ツリー状と言えばいいのか・・・；

データが増えていったりした時の事を考えると
そちらの方が良いですね、ちょっと量が多いので
すこしずつ直していきたいと思います。

皆様ありがとうございました！


株式会社ビーアーティスト
安齋勝恵


----- Original Message -----
From: &quot;Koji KUSANAGI&quot; &lt;kusanagi@xxxxxxxxxx&gt;
To: &lt;ml@xxxxxxxxxx&gt;
Sent: Friday, June 20, 2003 5:26 PM
Subject: <a href="07928">[mysql 07928]</a> Re: SQL 文での WHERE 句の質問


<span class="quote1">&gt; 草薙です。</span>
<span class="quote1">&gt;</span>
<span class="quote2">&gt; &gt;レコードの中身が複数、つまり</span>
<span class="quote2">&gt; &gt;dress_type = '5,7'</span>
<span class="quote2">&gt; &gt;と言うことです。</span>
<span class="quote1">&gt;</span>
<span class="quote1">&gt; そのような設計の場合、神野様が <a href="07923">[mysql 07923]</a> で仰っているとおり、WHERE</span>
<span class="quote1">&gt; IN (1, 3, 5) で抽出されないことは自明であるかと思います。</span>
<span class="quote1">&gt;</span>
<span class="quote1">&gt; 個人的にはdress_type を int 型として、下記のようなテーブル連結を行った方</span>
<span class="quote1">&gt; が、後々の扱いがスマートになるような気がします。</span>
<span class="quote1">&gt;</span>
<span class="quote1">&gt; mysql&gt; create table tbdress (num int, dress_name varchar(10));</span>
<span class="quote1">&gt; Query OK, 0 rows affected (0.00 sec)</span>
<span class="quote1">&gt;</span>
<span class="quote1">&gt; mysql&gt; create table tbdress_a ( num int, dress_type int );</span>
<span class="quote1">&gt; Query OK, 0 rows affected (0.00 sec)</span>
<span class="quote1">&gt;</span>
<span class="quote1">&gt; mysql&gt; insert into tbdress values(1, 'dress A');</span>
<span class="quote1">&gt; Query OK, 1 row affected (0.00 sec)</span>
<span class="quote1">&gt;</span>
<span class="quote1">&gt; mysql&gt; insert into tbdress values(2, 'dress B');</span>
<span class="quote1">&gt; Query OK, 1 row affected (0.00 sec)</span>
<span class="quote1">&gt;</span>
<span class="quote1">&gt; mysql&gt; insert into tbdress_a values(1, 5 );</span>
<span class="quote1">&gt; Query OK, 1 row affected (0.00 sec)</span>
<span class="quote1">&gt;</span>
<span class="quote1">&gt; mysql&gt; insert into tbdress_a values( 1, 7 );</span>
<span class="quote1">&gt; Query OK, 1 row affected (0.00 sec)</span>
<span class="quote1">&gt;</span>
<span class="quote1">&gt; mysql&gt; insert into tbdress_a values( 2, 3 );</span>
<span class="quote1">&gt; Query OK, 1 row affected (0.00 sec)</span>
<span class="quote1">&gt;</span>
<span class="quote1">&gt; mysql&gt; insert into tbdress_a values( 2, 4 );</span>
<span class="quote1">&gt; Query OK, 1 row affected (0.00 sec)</span>
<span class="quote1">&gt;</span>
<span class="quote1">&gt; mysql&gt; select * from tbdress;</span>
<span class="quote1">&gt; +------+------------+</span>
<span class="quote2">&gt; | num  | dress_name |</span>
<span class="quote1">&gt; +------+------------+</span>
<span class="quote2">&gt; |    1 | dress A    |</span>
<span class="quote2">&gt; |    2 | dress B    |</span>
<span class="quote1">&gt; +------+------------+</span>
<span class="quote1">&gt; 2 rows in set (0.00 sec)</span>
<span class="quote1">&gt;</span>
<span class="quote1">&gt; mysql&gt; select * from tbdress_a;</span>
<span class="quote1">&gt; +------+------------+</span>
<span class="quote2">&gt; | num  | dress_type |</span>
<span class="quote1">&gt; +------+------------+</span>
<span class="quote2">&gt; |    1 |          5 |</span>
<span class="quote2">&gt; |    1 |          7 |</span>
<span class="quote2">&gt; |    2 |          3 |</span>
<span class="quote2">&gt; |    2 |          4 |</span>
<span class="quote1">&gt; +------+------------+</span>
<span class="quote1">&gt; 4 rows in set (0.00 sec)</span>
<span class="quote1">&gt;</span>
<span class="quote1">&gt; mysql&gt; select t1.num, t1.dress_name, t2.dress_type from tbdress t1 inner</span>
join tb
<span class="quote1">&gt; dress_a t2 on t1.num=t2.num;</span>
<span class="quote1">&gt; +------+------------+------------+</span>
<span class="quote2">&gt; | num  | dress_name | dress_type |</span>
<span class="quote1">&gt; +------+------------+------------+</span>
<span class="quote2">&gt; |    1 | dress A    |          5 |</span>
<span class="quote2">&gt; |    1 | dress A    |          7 |</span>
<span class="quote2">&gt; |    2 | dress B    |          3 |</span>
<span class="quote2">&gt; |    2 | dress B    |          4 |</span>
<span class="quote1">&gt; +------+------------+------------+</span>
<span class="quote1">&gt; 4 rows in set (0.00 sec)</span>
<span class="quote1">&gt;</span>
<span class="quote1">&gt; mysql&gt; select t1.num, t1.dress_name, t2.dress_type from tbdress t1 inner</span>
join tb
<span class="quote1">&gt; dress_a t2 on t1.num=t2.num where t2.dress_type in ( 1,3,5 );</span>
<span class="quote1">&gt; +------+------------+------------+</span>
<span class="quote2">&gt; | num  | dress_name | dress_type |</span>
<span class="quote1">&gt; +------+------------+------------+</span>
<span class="quote2">&gt; |    1 | dress A    |          5 |</span>
<span class="quote2">&gt; |    2 | dress B    |          3 |</span>
<span class="quote1">&gt; +------+------------+------------+</span>
<span class="quote1">&gt; 2 rows in set (0.00 sec)</span>
<span class="quote1">&gt;</span>
<span class="quote1">&gt;</span>
<span class="quote1">&gt;</span>
<span class="quote1">&gt; ----------------------------------------------------</span>
<span class="quote1">&gt; 草薙考司 &lt;kusanagi@xxxxxxxxxx&gt;</span>
<span class="quote1">&gt;</span>


</pre>
</div>
<p class="button"><a href="7928">[前]</a><a href="7930">[次]</a><a href="../list/7901-8000">[番号順一覧]</a><a href="../thread/7901-8000">[スレッド一覧]</a></p>
<pre class="list">
<span>&nbsp;&nbsp;&nbsp;<a href="7921">   7921 2003-06-20 16:33 [&quot;K-A&quot; &lt;k-anzai@xxxxx] SQL 文での WHERE 句の質問               </a></span>
<span>&nbsp;&nbsp;&nbsp;<a href="7922">   7922 2003-06-20 16:55 ┣[Koji KUSANAGI &lt;kusan]                                       </a></span>
<span>&nbsp;&nbsp;&nbsp;<a href="7924">   7924 2003-06-20 17:01 ┃┗[&quot;K-A&quot; &lt;k-anzai@xxxxx]                                     </a></span>
<span>&nbsp;&nbsp;&nbsp;<a href="7925">   7925 2003-06-20 17:05 ┃　┣[Kengo Jinno &lt;kengo@x]                                   </a></span>
<span>&nbsp;&nbsp;&nbsp;<a href="7928">   7928 2003-06-20 17:26 ┃　┗[Koji KUSANAGI &lt;kusan]                                   </a></span>
<span class="current">-&gt;&nbsp;<a href="7929">   7929 2003-06-20 18:20 ┃　　┗[&quot;K-A&quot; &lt;k-anzai@xxxxx]                                 </a></span>
<span>&nbsp;&nbsp;&nbsp;<a href="7923">   7923 2003-06-20 16:56 ┣[Kengo Jinno &lt;kengo@x]                                       </a></span>
<span>&nbsp;&nbsp;&nbsp;<a href="7927">   7927 2003-06-20 17:12 ┃┗[&quot;K-A&quot; &lt;k-anzai@xxxxx]                                     </a></span>
<span>&nbsp;&nbsp;&nbsp;<a href="7932">   7932 2003-06-21 16:06 ┃　┗[seiji takegata &lt;take]                                   </a></span>
<span>&nbsp;&nbsp;&nbsp;<a href="7934">   7934 2003-06-22 16:40 ┃　　┗[SUGAWARA Hajime &lt;sug]                                 </a></span>
<span>&nbsp;&nbsp;&nbsp;<a href="7935">   7935 2003-06-22 20:49 ┃　　　┗[seiji takegata &lt;take]                               </a></span>
<span>&nbsp;&nbsp;&nbsp;<a href="7926">   7926 2003-06-20 17:06 ┗[SUGAWARA Hajime &lt;sug]                                       </a></span>
</pre>
</body>
</html>
